id,title,score,num_comments,author,created_utc,url,over_18,edited,spoiler,stickied
1jnc3zk,When to use a surrogate key instead of a primary key?,72,50,DataGhost404,2025-03-30 13:12:50,https://www.reddit.com/r/dataengineering/comments/1jnc3zk/when_to_use_a_surrogate_key_instead_of_a_primary/,False,False,False,False
1jnh7pu,A dbt column lineage visualization tool (with dynamic web visualization),52,6,Eastern-Ad-6431,2025-03-30 17:11:12,https://www.reddit.com/r/dataengineering/comments/1jnh7pu/a_dbt_column_lineage_visualization_tool_with/,False,False,False,False
1jnrpd7,Does your company use both Databricks & Snowflake? How does the architecture look like?,39,16,NefariousnessSea5101,2025-03-31 01:12:17,https://www.reddit.com/r/dataengineering/comments/1jnrpd7/does_your_company_use_both_databricks_snowflake/,False,False,False,False
1jnktzw,Passed DP-203 -- some thoughts on its retiring,28,2,EducatedEarthian-99,2025-03-30 19:48:14,https://www.reddit.com/r/dataengineering/comments/1jnktzw/passed_dp203_some_thoughts_on_its_retiring/,False,False,False,False
1jnisk7,What is expected of me as a Junior Data Engineer in 2025?,24,16,turnwol7,2025-03-30 18:19:54,https://www.reddit.com/r/dataengineering/comments/1jnisk7/what_is_expected_of_me_as_a_junior_data_engineer/,False,False,False,False
1jnuhdm,"Now, I know why am I struggling...",22,6,noSugar-lessSalt,2025-03-31 03:47:38,https://www.reddit.com/r/dataengineering/comments/1jnuhdm/now_i_know_why_am_i_struggling/,False,False,False,False
1jnh5oy,"Struggling with Career Path â€“ Stuck in Java, Want to Return to Data Engineering (6.5 YOE)",8,9,ishaheenkhan,2025-03-30 17:08:46,https://www.reddit.com/r/dataengineering/comments/1jnh5oy/struggling_with_career_path_stuck_in_java_want_to/,False,False,False,False
1jni0xm,Transitioning from DE to ML Engineer in 2025?,5,12,absurdherowaw,2025-03-30 17:47:04,https://www.reddit.com/r/dataengineering/comments/1jni0xm/transitioning_from_de_to_ml_engineer_in_2025/,False,False,False,False
1jnj03e,Serialisation and de-serialisation?,7,2,Excellent-Level-9626,2025-03-30 18:29:00,https://www.reddit.com/r/dataengineering/comments/1jnj03e/serialisation_and_deserialisation/,False,False,False,False
1jnlm9u,"As a data analytics/data science professional, how much data engineering am I supposed to know? Any advice is greatly appreciated",3,6,CreditArtistic1932,2025-03-30 20:21:44,https://www.reddit.com/r/dataengineering/comments/1jnlm9u/as_a_data_analyticsdata_science_professional_how/,False,False,False,False
1jnhk94,how to deal with azure vm nightmare?,4,12,BigCountry1227,2025-03-30 17:26:28,https://www.reddit.com/r/dataengineering/comments/1jnhk94/how_to_deal_with_azure_vm_nightmare/,False,False,False,False
1jnqdug,First Major DE Project,1,2,scuffed12s,2025-03-31 00:02:37,https://www.reddit.com/r/dataengineering/comments/1jnqdug/first_major_de_project/,False,False,False,False
1jnq405,Unstructured to Structured,4,1,Fantastic-Cup-990,2025-03-30 23:48:51,https://www.reddit.com/r/dataengineering/comments/1jnq405/unstructured_to_structured/,False,False,False,False
1jnlsu5,Example for complex data pipeline,2,2,EliyahuRed,2025-03-30 20:29:36,https://www.reddit.com/r/dataengineering/comments/1jnlsu5/example_for_complex_data_pipeline/,False,False,False,False
1jnymqg,Need Feedback on data sharing module,3,1,pirana04,2025-03-31 08:43:18,https://www.reddit.com/r/dataengineering/comments/1jnymqg/need_feedback_on_data_sharing_module/,False,False,False,False
1jnt6ir,Question about preprocessing two time-series datasets from different measurement devices,1,1,UsedExcitement5306,2025-03-31 02:33:18,https://www.reddit.com/r/dataengineering/comments/1jnt6ir/question_about_preprocessing_two_timeseries/,False,False,False,False
1jndfr9,Building a Cloud-Based Data Pipeline for Personal Use/Learning/Projects,1,1,bacon9001,2025-03-30 14:20:16,https://www.reddit.com/r/dataengineering/comments/1jndfr9/building_a_cloudbased_data_pipeline_for_personal/,False,False,False,False
1jnj9bw,Collect old news articles from mainstream media.,0,1,SaintPellegrino4You,2025-03-30 18:39:53,https://www.reddit.com/r/dataengineering/comments/1jnj9bw/collect_old_news_articles_from_mainstream_media/,False,False,False,False
1jnrb6y,Data Camp Data engineering certification help,0,3,Bodhisattva-Wannabe,2025-03-31 00:51:17,https://www.reddit.com/r/dataengineering/comments/1jnrb6y/data_camp_data_engineering_certification_help/,False,False,False,False
1jnmrm5,Data Stack,0,2,jb_nb,2025-03-30 21:11:28,https://www.reddit.com/r/dataengineering/comments/1jnmrm5/data_stack/,False,False,False,False
1jna701,"I am learning data engineering from a course. I am a fresher with no job experience, a commerce background, and a two-year gap.",0,9,_winter_rabbit_,2025-03-30 11:12:06,https://www.reddit.com/r/dataengineering/comments/1jna701/i_am_learning_data_engineering_from_a_course_i_am/,False,False,False,False
1jnjmkl,Why is table extraction still not solved by modern multimodal models?,0,0,Electronic-Letter592,2025-03-30 18:55:50,https://www.reddit.com/r/dataengineering/comments/1jnjmkl/why_is_table_extraction_still_not_solved_by/,False,False,False,False
